track_id,track_name,album_name,artists,popularity,duration_ms,danceability,energy,key,loudness,mode,speechiness,acousticness,instrumentalness,liveness,valence,tempo,time_signature,artist_genres,date,streams
6755DFiZ7CWe2WMdTGW5C1,Ski,Slime Language 2,Young Stoner Life,63,152333,0.953,0.621,8,-7.638,0,0.221,0.017,0.0,0.0398,0.883,123.016,4,['pop rap'],2021-04-16,5541
1cA4wEmLkKlttS6N89LbJh,Wandered To LA (with Justin Bieber),Fighting Demons,Juice WRLD,0,188833,0.687,0.643,0,-4.763,1,0.0406,0.0518,3.31e-06,0.11,0.418,135.068,4,"['chicago rap', 'melodic rap', 'rap']",2021-12-10,162177
3Wrjm47oTz2sjIgck11l5e,Beggin',Chosen,Måneskin,82,211560,0.714,0.8,11,-4.808,0,0.0504,0.127,0.0,0.359,0.589,134.002,4,"['indie rock italiano', 'italian pop']",2017-12-15,61486
6AtZLIzUINvExIUy4QhdjP,I Knew You Were Trouble (Taylor's Version),Red (Taylor's Version),Taylor Swift,72,219760,0.584,0.557,6,-6.371,1,0.0342,0.0129,0.0,0.0576,0.767,154.008,4,['pop'],2021-11-13,19657
0k4d5YPDr1r7FX77VdqWez,You Right,Planet Her,Doja Cat,74,186173,0.828,0.621,8,-6.414,1,0.0565,0.0164,0.00233,0.0845,0.436,128.986,4,"['dance pop', 'pop']",2021-06-25,29940
1dPNJDYuW9QAtkOpK3eBvO,God Breathed,Donda,Kanye West,0,333462,0.325,0.311,10,-7.481,1,0.0442,0.289,6.74e-05,0.11,0.0789,92.744,3,"['chicago rap', 'hip hop', 'rap']",2021-08-29,14534
3DarAbFujv6eYNliUTyqtz,Kiss Me More (feat. SZA),Planet Her,Doja Cat,80,208667,0.764,0.705,8,-3.463,1,0.0284,0.259,8.92e-05,0.12,0.781,110.97,4,"['dance pop', 'pop']",2021-06-25,2148
4ZtFanR9U6ndgddUvNcjcG,good 4 u,SOUR,Olivia Rodrigo,82,178147,0.563,0.664,9,-5.044,1,0.154,0.335,0.0,0.0849,0.688,166.928,4,['pop'],2021-05-21,157473
02MWAaffLxlfxAUY7c5dvx,Heat Waves,Dreamland (+ Bonus Levels),Glass Animals,31,238805,0.761,0.525,11,-6.9,1,0.0944,0.44,6.7e-06,0.0921,0.531,80.87,4,"['gauze pop', 'indietronica', 'modern rock', 'pov: indie', 'shiver pop']",2020-08-17,72549
2BcMwX1MPV6ZHP4tUT9uq6,Knife Talk (with 21 Savage ft. Project Pat),Certified Lover Boy,Drake,74,242966,0.849,0.424,5,-9.579,0,0.324,0.0635,0.0,0.0834,0.153,145.887,4,"['canadian hip hop', 'canadian pop', 'hip hop', 'pop rap', 'rap']",2021-09-03,10686
4RVwu0g32PAqgUiJoXsdF8,Happier Than Ever,Happier Than Ever,Billie Eilish,82,298899,0.332,0.225,0,-8.697,1,0.0348,0.767,0.00349,0.128,0.297,81.055,3,"['art pop', 'pop']",2021-07-29,7202
5dXWFMwD7I7zXsInONVl0H,I Hate U,I Hate U,SZA,64,174000,0.535,0.388,7,-9.805,0,0.155,0.507,0.0,0.11,0.412,106.703,5,"['pop', 'r&b', 'rap']",2021-12-03,2753079
3DZ8dbKg4OTSSqGARvecYd,Broadway Girls (feat. Morgan Wallen),Broadway Girls (feat. Morgan Wallen),Lil Durk,67,185600,0.659,0.745,10,-3.599,1,0.0347,0.0417,0.0,0.296,0.54,74.967,4,"['chicago drill', 'chicago rap', 'drill', 'hip hop', 'pop rap', 'rap', 'trap']",2021-12-17,1210147
3FAJ6O0NOHQV8Mc5Ri6ENp,Heartbreak Anniversary,TAKE TIME,Giveon,79,198371,0.449,0.465,0,-8.964,1,0.0791,0.524,1.02e-06,0.303,0.543,89.087,3,['r&b'],2020-04-04,65858
3gWzTnziivUYzqXtnvgN8q,Jonah,Donda,Kanye West,0,195170,0.459,0.431,9,-8.375,0,0.256,0.795,0.0,0.274,0.128,177.3,4,"['chicago rap', 'hip hop', 'rap']",2021-08-29,42528
0gplL1WMoJ6iYaPgMCL0gX,Easy On Me,Easy On Me,Adele,77,224695,0.604,0.366,5,-7.519,1,0.0282,0.578,0.0,0.133,0.13,141.981,4,"['british soul', 'pop', 'pop soul', 'uk pop']",2021-10-14,4639
0e8nrvls4Qqv5Rfa2UhqmO,THATS WHAT I WANT,MONTERO,Lil Nas X,73,143901,0.737,0.846,1,-4.51,0,0.22,0.00614,0.0,0.0486,0.546,87.981,4,['lgbtq+ hip hop'],2021-09-16,6871
4iN16F8JtVxG2UTzp3avGl,Smokin Out The Window,Smokin Out The Window,Bruno Mars,1,197443,0.627,0.618,2,-8.529,1,0.0437,0.0558,0.0,0.351,0.848,82.03,4,"['dance pop', 'pop']",2021-11-05,33102
52xJxFP6TqMuO4Yt0eOkMz,We Don't Talk About Bruno,Encanto (Original Motion Picture Soundtrack),Carolina Gaitán,71,216120,0.577,0.45,0,-8.516,0,0.0834,0.357,0.0,0.111,0.83,205.863,4,[],2021-12-13,101402
23OYT3SFtoJqhiAUqktbc1,No Return (with The Kid LAROI & Lil Durk),Hall of Fame,Polo G,54,168729,0.479,0.645,5,-7.336,0,0.302,0.135,0.0,0.0825,0.381,155.057,4,"['chicago rap', 'rap']",2021-06-11,4487
0k1WUmIRnG3xU6fvvDVfRG,Way 2 Sexy (with Future & Young Thug),Certified Lover Boy,Drake,70,257605,0.803,0.597,11,-6.035,0,0.141,0.000619,4.5e-06,0.323,0.331,136.008,4,"['canadian hip hop', 'canadian pop', 'hip hop', 'pop rap', 'rap']",2021-09-03,19805
65OVbaJR5O1RmwOQx0875b,Wants and Needs (feat. Lil Baby),Scary Hours 2,Drake,73,192956,0.578,0.449,1,-6.349,1,0.286,0.0618,2.17e-06,0.119,0.1,136.006,4,"['canadian hip hop', 'canadian pop', 'hip hop', 'pop rap', 'rap']",2021-03-05,21521
4s7QLoImIwmPi9L6dq1nVW,TSU,Certified Lover Boy,Drake,68,308756,0.568,0.56,9,-9.059,1,0.42,0.228,3.05e-06,0.39,0.246,130.019,4,"['canadian hip hop', 'canadian pop', 'hip hop', 'pop rap', 'rap']",2021-09-03,13129
3QFInJAm9eyaho5vBzxInN,family ties (with Kendrick Lamar),The Melodic Blue,Baby Keem,79,252262,0.711,0.611,1,-5.453,1,0.33,0.00588,0.0,0.23,0.144,134.093,4,"['hip hop', 'rap']",2021-09-10,4212
01K4zKU104LyJ8gMb7227B,Nothing New (feat. Phoebe Bridgers) (Taylor’s Version) (From The Vault),Red (Taylor's Version),Taylor Swift,71,258813,0.606,0.377,0,-9.455,1,0.0275,0.817,0.0,0.154,0.446,101.96,4,['pop'],2021-11-12,3136993
4wcBRRpIfesgcyUtis7PEg,"1 step forward, 3 steps back",SOUR,Olivia Rodrigo,76,163587,0.473,0.203,2,-12.627,1,0.102,0.941,0.0,0.126,0.419,168.884,4,['pop'],2021-05-20,6394
35mvY5S1H3J2QZyna3TFe0,positions,Positions,Ariana Grande,78,172325,0.737,0.802,0,-4.771,1,0.0878,0.468,0.0,0.0931,0.682,144.015,4,['pop'],2020-10-30,47732
5fbHRCsGpFIOLRtlhCRFDR,LEMONHEAD (feat. 42 Dugg),CALL ME IF YOU GET LOST,"Tyler, The Creator",62,130980,0.62,0.586,1,-6.612,1,0.212,0.155,0.0,0.535,0.487,137.131,4,"['hip hop', 'rap']",2021-06-24,6402
5lAnYvAIkSDNXqfo7DyFUm,Ain't Shit,Planet Her,Doja Cat,73,174253,0.855,0.488,3,-4.601,1,0.208,0.506,0.0,0.347,0.619,124.097,4,"['dance pop', 'pop']",2021-06-25,1661
5CZ40GBx1sQ9agT82CLQCT,traitor,SOUR,Olivia Rodrigo,83,229227,0.38,0.339,3,-7.885,1,0.0338,0.691,0.0,0.12,0.0849,100.607,4,['pop'],2021-05-20,7335
6jy9yJfgCsMHdu2Oz4BGKX,Papi’s Home,Certified Lover Boy,Drake,61,178623,0.701,0.741,2,-6.157,1,0.313,0.112,0.0,0.699,0.588,140.177,4,"['canadian hip hop', 'canadian pop', 'hip hop', 'pop rap', 'rap']",2021-09-03,199755
5JCoSi02qi3jJeHdZXMmR8,favorite crime,SOUR,Olivia Rodrigo,82,152667,0.369,0.272,9,-10.497,1,0.0364,0.866,0.0,0.147,0.218,172.929,4,['pop'],2021-05-21,275804
5NU40QTlXrDUJzDBdv79bg,Deserve You,Justice,Justin Bieber,60,187239,0.677,0.633,7,-7.831,1,0.0771,0.0314,0.0,0.112,0.409,89.934,4,"['canadian pop', 'pop']",2021-03-19,2710
40iJIUlhi6renaREYGeIDS,Fair Trade (with Travis Scott),Certified Lover Boy,Drake,78,291175,0.666,0.465,1,-8.545,1,0.26,0.0503,0.0,0.215,0.292,167.937,4,"['canadian hip hop', 'canadian pop', 'hip hop', 'pop rap', 'rap']",2021-09-03,251537
3YJJjQPAbDT7mGpX3WtQ9A,Good Days,Good Days,SZA,73,279204,0.436,0.655,1,-8.37,0,0.0583,0.499,8.1e-06,0.688,0.412,121.002,4,"['pop', 'r&b', 'rap']",2020-12-25,578442
0GAyuCo975IHGxxiLKDufB,l e t . g o . m y . h a n d (with Bas & 6LACK),The Off-Season,J. Cole,62,266291,0.583,0.625,1,-8.011,1,0.277,0.506,0.0,0.196,0.516,89.812,4,"['conscious hip hop', 'hip hop', 'north carolina hip hop', 'rap']",2021-05-14,12668
2JPLbjOn0wPCngEot2STUS,Yonaguni,Yonaguni,Bad Bunny,75,206710,0.644,0.648,1,-4.601,1,0.118,0.276,0.0,0.135,0.44,179.951,4,"['reggaeton', 'trap latino', 'urbano latino']",2021-06-04,7221
4FRW5Nza1Ym91BGV4nFWXI,Lemon Pepper Freestyle (feat. Rick Ross),Scary Hours 2,Drake,62,383037,0.77,0.637,1,-5.53,1,0.345,0.103,0.0,0.171,0.431,94.966,4,"['canadian hip hop', 'canadian pop', 'hip hop', 'pop rap', 'rap']",2021-03-05,446056
07MDkzWARZaLEdKxo6yArG,Meet Me At Our Spot,THE ANXIETY,THE ANXIETY,71,162680,0.773,0.47,2,-7.93,1,0.0299,0.0153,0.000193,0.0851,0.399,94.995,4,['modern alternative pop'],2021-01-02,70507
0BiK5BbYNFLb88CCOxBFJe,LUMBERJACK,CALL ME IF YOU GET LOST,"Tyler, The Creator",61,138312,0.386,0.762,9,-6.341,1,0.564,0.122,0.0,0.527,0.433,170.691,4,"['hip hop', 'rap']",2021-06-25,4412
0bYg9bo50gSsH3LtXe2SQn,All I Want for Christmas Is You,Merry Christmas,Mariah Carey,88,241107,0.336,0.627,7,-7.463,1,0.0384,0.164,0.0,0.0708,0.35,150.273,4,"['dance pop', 'pop', 'urban contemporary']",2017-01-01,66732
00Blm7zeNqgYLPtW6zg8cj,One Right Now (with The Weeknd),One Right Now,Post Malone,68,193507,0.687,0.781,1,-4.806,1,0.053,0.0361,0.0,0.0755,0.688,97.014,4,"['dfw rap', 'melodic rap', 'pop', 'rap']",2021-11-05,6752
4XvcHTUfIlWfyJTRG0aqlo,2055,Still Sleep?,Sleepy Hallow,80,123987,0.829,0.512,6,-5.865,0,0.187,0.492,0.0,0.12,0.638,80.511,4,"['brooklyn drill', 'nyc rap']",2021-06-07,30153
2tUL6dZf1mywCj5WvCPZw6,No Friends In The Industry,Certified Lover Boy,Drake,66,204347,0.84,0.744,1,-4.751,1,0.113,0.0181,0.0,0.629,0.171,83.737,4,"['canadian hip hop', 'canadian pop', 'hip hop', 'pop rap', 'rap']",2021-09-03,5566
6Im9k8u9iIzKMrmV7BWtlF,34+35,Positions,Ariana Grande,74,173711,0.83,0.585,0,-6.476,1,0.094,0.237,0.0,0.248,0.485,109.978,4,['pop'],2020-10-30,22572
3JJL91ilRV6fXhKqu0FGXs,HOT WIND BLOWS (feat. Lil Wayne),CALL ME IF YOU GET LOST,"Tyler, The Creator",68,155293,0.371,0.75,7,-5.382,0,0.402,0.601,0.0,0.482,0.729,173.456,4,"['hip hop', 'rap']",2021-06-25,3067
5B0kgjHULYJhAQkK5XsMoC,WUSYANAME (feat. Youngboy Never Broke Again & Ty Dolla $ign),CALL ME IF YOU GET LOST,"Tyler, The Creator",73,121573,0.493,0.653,0,-5.666,0,0.0466,0.269,0.0,0.511,0.852,142.347,4,"['hip hop', 'rap']",2021-06-24,7451
1D3z6HTiQsNmZxjl7F7eoG,m y . l i f e (with 21 Savage & Morray),The Off-Season,J. Cole,71,218802,0.597,0.587,7,-7.026,0,0.137,0.0622,0.0,0.214,0.0753,140.021,4,"['conscious hip hop', 'hip hop', 'north carolina hip hop', 'rap']",2021-05-14,3851
7FGdjbZ32vMybPuP0IuE7d,Back in Blood (feat. Lil Durk),Shiesty Season,Pooh Shiesty,67,184490,0.759,0.538,8,-8.256,0,0.384,0.151,0.0,0.126,0.831,146.933,4,"['memphis hip hop', 'southern hip hop', 'tennessee hip hop', 'trap']",2021-02-05,63260
0lLdorYw7lVrJydTINhWdI,It's Beginning to Look a Lot like Christmas,Christmas,Michael Bublé,60,206640,0.339,0.214,4,-11.714,1,0.0375,0.908,7.47e-06,0.341,0.363,94.775,3,"['adult standards', 'canadian pop', 'jazz pop', 'lounge']",2017-11-03,1152
4R67rQNSbbsR4TdUVOIdez,ESCAPE PLAN,ESCAPE PLAN / MAFIA,Travis Scott,66,149610,0.839,0.506,5,-6.714,0,0.133,0.00207,0.0,0.13,0.44,154.12,4,"['rap', 'slap house']",2021-11-05,35014
0uRrG2jRR5tuifsYIJHEao,Sand In My Boots,Dangerous: The Double Album,Morgan Wallen,73,202133,0.403,0.537,3,-6.628,1,0.031,0.59,0.0,0.112,0.414,69.877,4,['contemporary country'],2021-01-08,99303
1d7q712nXjG98HiwHk7HFS,a p p l y i n g . p r e s s u r e,The Off-Season,J. Cole,54,177337,0.699,0.759,1,-5.302,1,0.311,0.0814,0.0,0.312,0.404,83.092,4,"['conscious hip hop', 'hip hop', 'north carolina hip hop', 'rap']",2021-05-14,6676
4CkgMiMqZ5JzW9iYXSTMTL,I Bet You Think About Me (feat. Chris Stapleton) (Taylor’s Version) (From The Vault),Red (Taylor's Version),Taylor Swift,68,285107,0.391,0.715,0,-4.516,1,0.0495,0.167,0.0,0.183,0.473,149.654,3,['pop'],2021-11-12,64341
5NhcE6cuJjVYyVEKp97zOt,More Surprised Than Me,Dangerous: The Double Album,Morgan Wallen,58,157440,0.516,0.748,6,-6.049,1,0.0289,0.241,0.0,0.123,0.433,85.004,4,['contemporary country'],2021-01-08,807345
6v0UJD4a2FtleHeSYVX02A,I Drink Wine,30,Adele,71,376169,0.437,0.565,10,-5.596,1,0.0466,0.697,0.0,0.119,0.306,115.389,4,"['british soul', 'pop', 'pop soul', 'uk pop']",2021-11-18,10219
3aQem4jVGdhtg116TmJnHz,What’s Next,Scary Hours 2,Drake,64,178154,0.781,0.594,0,-6.959,0,0.0485,0.0136,0.0,0.162,0.0628,129.895,4,"['canadian hip hop', 'canadian pop', 'hip hop', 'pop rap', 'rap']",2021-03-05,117680
2HSmyk2qMN8WQjuGhaQgCk,Champagne Poetry,Certified Lover Boy,Drake,69,336511,0.423,0.667,6,-7.012,0,0.326,0.758,0.0,0.246,0.496,86.743,4,"['canadian hip hop', 'canadian pop', 'hip hop', 'pop rap', 'rap']",2021-09-03,6970
4Oun2ylbjFKMPTiaSbbCih,WAP (feat. Megan Thee Stallion),WAP (feat. Megan Thee Stallion),Cardi B,75,187541,0.935,0.454,1,-7.509,1,0.375,0.0194,0.0,0.0824,0.357,133.073,4,"['pop', 'rap']",2020-08-07,104711
7zQirOExB0VR8yWUOqYeio,DOLLA SIGN SLIME (feat. Megan Thee Stallion),MONTERO,Lil Nas X,51,145075,0.923,0.533,11,-6.016,0,0.262,0.0504,0.0,0.102,0.587,133.991,4,['lgbtq+ hip hop'],2021-09-17,116731
4n6NDfYake476trCjJRNl0,1 0 0 . m i l ‘ (with Bas),The Off-Season,J. Cole,56,163302,0.711,0.647,2,-5.667,0,0.0822,0.334,0.0,0.312,0.227,125.092,4,"['conscious hip hop', 'hip hop', 'north carolina hip hop', 'rap']",2021-05-14,3714
2CYVETnhM9aytqrazYYwrK,Mr. Perfectly Fine (Taylor’s Version) (From The Vault),Fearless (Taylor's Version),Taylor Swift,68,277592,0.66,0.817,11,-6.269,0,0.0521,0.162,0.0,0.0667,0.714,135.942,4,['pop'],2021-04-09,265359
5W8jRrZ6tWrTrqnKRtIQBf,p r i d e . i s . t h e . d e v i l (with Lil Baby),The Off-Season,J. Cole,68,218210,0.861,0.656,4,-7.867,0,0.425,0.104,0.0,0.0986,0.331,88.967,4,"['conscious hip hop', 'hip hop', 'north carolina hip hop', 'rap']",2021-05-14,3199
2gpWyfu7eZ01zzncHpxOtA,Moth To A Flame (with The Weeknd),Moth To A Flame,Swedish House Mafia,6,234000,0.542,0.659,8,-7.289,1,0.0389,0.00279,0.0,0.105,0.109,120.122,4,"['edm', 'pop dance', 'progressive electro house']",2021-10-21,7886
13CVSGLSFl4UxpDVR6u3dq,Strangers By Nature,30,Adele,59,182163,0.387,0.253,5,-8.901,1,0.0336,0.798,0.000159,0.0848,0.134,68.004,5,"['british soul', 'pop', 'pop soul', 'uk pop']",2021-11-18,13481
09u787BYeYIGd2mFIJ505t,Cry Your Heart Out,30,Adele,60,255278,0.756,0.713,7,-6.917,1,0.102,0.523,3.35e-06,0.248,0.59,125.064,4,"['british soul', 'pop', 'pop soul', 'uk pop']",2021-11-18,37091
6w8ZPYdnGajyfPddTWdthN,Can I Get It,30,Adele,65,210384,0.703,0.68,9,-6.118,0,0.0431,0.0171,0.0,0.178,0.536,97.985,4,"['british soul', 'pop', 'pop soul', 'uk pop']",2021-11-18,10257
2BITQ360Knh6qNAOqR7Dyq,Miss The Rage (feat. Playboi Carti),Miss The Rage (feat. Playboi Carti),Trippie Redd,4,236883,0.584,0.859,8,-5.616,1,0.121,0.0144,0.0,0.847,0.369,77.005,4,"['melodic rap', 'rap', 'trap']",2021-05-07,3210837
37Nqx7iavZpotJSDXZWbJ3,Girls Want Girls (with Lil Baby),Certified Lover Boy,Drake,71,221980,0.767,0.438,7,-8.726,0,0.29,0.181,0.0,0.142,0.381,86.975,4,"['canadian hip hop', 'canadian pop', 'hip hop', 'pop rap', 'rap']",2021-09-03,123430
1JXBNvlDEl2epKSJ9EOgKX,NOT SOBER (feat. Polo G & Stunna Gambino),F*CK LOVE 3: OVER YOU,The Kid LAROI,1,216000,0.671,0.639,2,-6.852,0,0.134,0.0928,0.0,0.0941,0.385,119.82,5,['australian hip hop'],2021-07-22,38280
1IcR6RlgvDczfvoWJSSY2A,It's the Most Wonderful Time of the Year,The Andy Williams Christmas Album,Andy Williams,67,151000,0.234,0.526,2,-11.656,1,0.0411,0.871,2.34e-06,0.122,0.649,201.739,3,"['adult standards', 'easy listening']",2019-12-15,101382
3SawmGBjjq8EOYZJV11cJm,Only Wanna Be With You - Pokémon 25 Version,Only Wanna Be With You (Pokémon 25 Version),Post Malone,58,241360,0.47,0.709,7,-4.563,1,0.0299,0.00124,0.00121,0.302,0.247,98.036,4,"['dfw rap', 'melodic rap', 'pop', 'rap']",2021-02-26,50710
137mSruegm1u6x9NvwiagR,Unstable (feat. The Kid LAROI),Justice,Justin Bieber,64,158324,0.495,0.333,4,-10.109,0,0.0288,0.737,0.0,0.112,0.37,99.757,4,"['canadian pop', 'pop']",2021-03-19,17210
08F16baYbciTva9P4BvpiI,MAFIA,ESCAPE PLAN / MAFIA,Travis Scott,66,240000,0.855,0.492,0,-7.578,0,0.0483,0.0775,6.71e-06,0.111,0.385,109.975,4,"['rap', 'slap house']",2021-11-05,7962
1r9xUipOqoNwggBpENDsvJ,Enemy (with JID) - from the series Arcane League of Legends,Enemy (with JID) [from the series Arcane League of Legends],Imagine Dragons,75,173381,0.728,0.783,11,-4.424,0,0.266,0.237,0.0,0.434,0.555,77.011,4,"['modern rock', 'pop', 'rock']",2021-10-28,1045
57ZUX6TNyKLBydAdVVd02x,p u n c h i n ‘ . t h e . c l o c k,The Off-Season,J. Cole,56,112579,0.769,0.74,11,-6.579,0,0.378,0.197,0.0,0.171,0.692,94.104,4,"['conscious hip hop', 'hip hop', 'north carolina hip hop', 'rap']",2021-05-14,73280
2vmfvSoZBFAt9hhRoEByLi,Volví,Volví,Aventura,74,230125,0.725,0.86,1,-3.726,1,0.182,0.422,0.000284,0.0674,0.791,175.896,4,"['bachata', 'bachata dominicana', 'latin hip hop', 'latin pop', 'tropical', 'urbano latino']",2021-08-03,35558
61S79KIVA4I9FXbnsylEHT,In The Bible (with Lil Durk & Giveon),Certified Lover Boy,Drake,62,296568,0.686,0.385,7,-8.35,0,0.297,0.614,0.0,0.131,0.147,143.07,4,"['canadian hip hop', 'canadian pop', 'hip hop', 'pop rap', 'rap']",2021-09-03,4174
46oHvXwpEZOFX518we1nJD,CORSO,CALL ME IF YOU GET LOST,"Tyler, The Creator",64,146482,0.703,0.845,10,-4.851,0,0.337,0.169,0.0,0.122,0.745,97.672,4,"['hip hop', 'rap']",2021-06-24,6563
4gzsuuZypVbxs0Af1LSZyB,Lo Siento BB:/ (with Bad Bunny & Julieta Venegas),Lo Siento BB:/ (with Bad Bunny & Julieta Venegas),Tainy,70,207301,0.639,0.703,4,-6.33,0,0.0794,0.0889,1.78e-06,0.0865,0.138,169.888,4,"['pop reggaeton', 'reggaeton', 'trap latino', 'urbano latino']",2021-10-05,32448
04S1pkp1VaIqjg8zZqknR5,Enchanted,Speak Now,Taylor Swift,69,352200,0.535,0.618,8,-3.913,1,0.0273,0.0716,0.000388,0.169,0.228,81.975,4,['pop'],2021-11-07,29745
42ZrMq4BKsWDrrbMnMRYaK,Jail,Donda,Kanye West,1,297000,0.458,0.571,4,-6.739,1,0.0949,0.535,0.000305,0.0846,0.586,110.013,4,"['chicago rap', 'hip hop', 'rap']",2021-08-29,15427
5zNW5ARjYhJQJz1AChP33n,Thot Shit,Thot Shit,Megan Thee Stallion,65,184635,0.95,0.693,9,-3.424,1,0.0898,0.0133,0.0,0.173,0.891,130.02,4,"['houston rap', 'pop', 'rap', 'trap queen']",2021-06-11,4329
0oaY19dUwZimIgzn3ZZLZO,2 Much,Justice,Justin Bieber,65,152796,0.583,0.444,9,-8.601,1,0.0456,0.593,0.0,0.353,0.167,119.59,4,"['canadian pop', 'pop']",2021-03-19,14804
2cnKST6T9qUo2i907lm8zX,a m a r i,The Off-Season,J. Cole,65,148421,0.725,0.713,4,-6.173,0,0.187,0.127,0.0,0.617,0.207,65.988,4,"['conscious hip hop', 'hip hop', 'north carolina hip hop', 'rap']",2021-05-14,41050
1qrpoAMXodY6895hGKoUpA,You Belong With Me (Taylor’s Version),Fearless (Taylor's Version),Taylor Swift,80,231124,0.632,0.773,6,-4.856,1,0.0346,0.0623,0.0,0.0885,0.474,130.033,4,['pop'],2021-04-09,3725
2xdwCJLfKCkat14mlgR26M,Lost Cause,Lost Cause,Billie Eilish,0,212496,0.671,0.336,10,-8.494,0,0.241,0.705,0.00751,0.0577,0.518,75.051,4,"['art pop', 'pop']",2021-06-02,3919
4LaGu95Ui2s4vprSQYWUAZ,Bout A Million (feat. 42 Dugg & 21 Savage),Faith,Pop Smoke,54,203586,0.718,0.675,0,-6.959,0,0.0911,0.532,0.0,0.125,0.389,145.056,4,"['brooklyn drill', 'hip hop', 'rap']",2021-07-16,194591
1diS6nkxMQc3wwC4G1j0bh,We're Good,Future Nostalgia (The Moonlight Edition),Dua Lipa,67,165507,0.722,0.588,6,-5.932,1,0.0544,0.0319,0.0,0.183,0.59,134.01,4,"['dance pop', 'pop', 'uk pop']",2021-02-12,16614
4t2OeILB07eMGTXSUbMPEu,Oxytocin,Happier Than Ever,Billie Eilish,69,210233,0.757,0.598,11,-7.777,1,0.058,0.0904,0.551,0.15,0.18,124.951,4,"['art pop', 'pop']",2021-07-30,51570
0MMyJUC3WNnFS1lit5pTjk,"jealousy, jealousy",SOUR,Olivia Rodrigo,80,173160,0.695,0.575,10,-6.334,0,0.116,0.198,0.0,0.0614,0.699,163.929,4,['pop'],2021-05-21,18084
4A8cWXxKfIL3lAyUDzXbCF,Super Gremlin,Sniper Gang Presents Syko Bob & Snapkatt: Nightmare Babies,Kodak Black,66,200548,0.825,0.414,2,-6.634,1,0.144,0.00265,0.0,0.357,0.106,72.993,4,"['florida drill', 'florida rap', 'melodic rap', 'miami hip hop', 'rap', 'trap', 'trap latino']",2021-11-22,61486
1aF9TeHZbe6OVo9dtjPuzK,Junya,Donda,Kanye West,0,147669,0.752,0.69,7,-3.948,1,0.0642,0.27,0.0,0.303,0.396,148.07,4,"['chicago rap', 'hip hop', 'rap']",2021-08-29,3078
34D6FJysnQioVingDKufuf,N 2 Deep,Certified Lover Boy,Drake,64,273578,0.507,0.429,2,-7.726,1,0.326,0.0518,0.0,0.109,0.0744,91.0,3,"['canadian hip hop', 'canadian pop', 'hip hop', 'pop rap', 'rap']",2021-09-03,3995
2KnuaZYoGzDoHiBTNYOTXG,Billie Bossa Nova,Happier Than Ever,Billie Eilish,76,196731,0.895,0.389,7,-11.036,0,0.11,0.222,0.0346,0.105,0.549,110.023,4,"['art pop', 'pop']",2021-07-30,115373
4VCbgIdr8ptegWeJpqLVHH,Love All (with JAY-Z),Certified Lover Boy,Drake,65,228461,0.73,0.576,2,-5.442,1,0.287,0.354,3.59e-05,0.15,0.155,92.131,4,"['canadian hip hop', 'canadian pop', 'hip hop', 'pop rap', 'rap']",2021-09-03,4745
4ydmav4vl7hebadtfZtMrg,SIR BAUDELAIRE (feat. DJ Drama),CALL ME IF YOU GET LOST,"Tyler, The Creator",63,88625,0.467,0.635,7,-6.115,1,0.154,0.314,4.16e-06,0.844,0.51,127.596,3,"['hip hop', 'rap']",2021-06-24,7241
4btFHqumCO31GksfuBLLv3,Overpass Graffiti,=,Ed Sheeran,65,236907,0.52,0.849,9,-3.794,0,0.186,0.00253,0.0,0.119,0.774,175.908,4,"['pop', 'singer-songwriter pop', 'uk pop']",2021-10-28,8755
0sKEilrw1GrBlG6qsTCrP4,865,Dangerous: The Double Album,Morgan Wallen,67,190680,0.532,0.584,8,-5.254,1,0.0248,0.723,0.0,0.101,0.367,88.003,4,['contemporary country'],2021-01-08,907152
2DuPBbS5mIldXnh7Wum8Cy,My Little Love,30,Adele,63,389107,0.339,0.492,1,-10.661,1,0.0559,0.829,0.00377,0.147,0.102,151.865,4,"['british soul', 'pop', 'pop soul', 'uk pop']",2021-11-18,12405
2nqio0SfWg6gh2eCtfuMa5,Fifteen (Taylor’s Version),Fearless (Taylor's Version),Taylor Swift,64,294419,0.559,0.646,7,-4.61,1,0.0272,0.116,0.0,0.32,0.289,95.466,4,['pop'],2021-04-09,1425676
73uxnSsFMeJ15POpd3zgrV,Believe What I Say,Donda,Kanye West,0,242400,0.595,0.656,7,-7.868,1,0.247,0.148,0.0,0.47,0.416,99.811,4,"['chicago rap', 'hip hop', 'rap']",2021-08-29,9179
496vIKS2INz840xZaKncvR,All Night Parking (with Erroll Garner) Interlude,30,Adele,62,161829,0.734,0.497,8,-9.666,1,0.166,0.67,2.35e-05,0.194,0.307,127.989,3,"['british soul', 'pop', 'pop soul', 'uk pop']",2021-11-18,8234
1zzxoZVylsna2BQB65Ppcb,X Gon' Give It To Ya,The Definition Of X: Pick Of The Litter,DMX,70,217587,0.761,0.899,10,-3.09,0,0.183,0.0137,0.0,0.0719,0.673,95.021,4,"['detroit hip hop', 'east coast hip hop', 'gangster rap', 'hardcore hip hop', 'hip hop', 'rap']",2021-04-09,90489
5R4Yrc2j4jw1itr4hKcN26,Feline (with Polo G & Trippie Redd),Fighting Demons,Juice WRLD,0,212204,0.575,0.619,0,-6.663,1,0.322,0.0208,0.0,0.103,0.296,110.109,5,"['chicago rap', 'melodic rap', 'rap']",2021-12-10,2425436
2sXf2JdbB2GlNju00kw9WE,Skate,Skate,Bruno Mars,1,203123,0.708,0.598,5,-8.365,1,0.0291,0.037,0.0,0.17,0.698,112.027,4,"['dance pop', 'pop']",2021-07-30,8303
2NM0qHzx4Ohy8iXHEEgwlO,Having Our Way (feat. Drake),Culture III,Migos,57,278191,0.927,0.538,1,-3.917,1,0.116,0.0312,0.0,0.0945,0.221,125.983,4,"['atl hip hop', 'hip hop', 'pop rap', 'rap', 'southern hip hop', 'trap']",2021-06-11,23253
3J4VKkUpLvomXJbn9ZAypO,Sharing Locations (feat. Lil Baby & Lil Durk),Sharing Locations (feat. Lil Baby & Lil Durk),Meek Mill,56,161053,0.681,0.63,1,-5.585,1,0.0385,0.00383,0.0,0.139,0.183,151.951,4,"['hip hop', 'philly rap', 'pop rap', 'rap', 'southern hip hop', 'trap']",2021-08-27,20541
5KQxun2WxwDMsV7HCN2ONK,Rich MF (feat. Polo G & Lil Durk),Trip At Knight,Trippie Redd,0,247714,0.756,0.698,6,-5.464,1,0.178,0.0849,0.0,0.221,0.66,77.497,4,"['melodic rap', 'rap', 'trap']",2021-08-20,63961
6bpq1jGkVz66Q3LYeoXdjZ,SCOOP (feat. Doja Cat),MONTERO,Lil Nas X,57,174164,0.841,0.527,6,-8.116,1,0.149,0.0427,1.54e-06,0.12,0.582,163.975,4,['lgbtq+ hip hop'],2021-09-17,91026
1n3b9Eekoy3S9ZSZ5DmTW1,All Too Well (Sad Girl Autumn Version) - Recorded at Long Pond Studios,All Too Well (Sad Girl Autumn Version) - Recorded at Long Pond Studios,Taylor Swift,60,598150,0.585,0.286,0,-10.123,1,0.0312,0.838,0.0,0.115,0.189,93.009,4,['pop'],2021-11-18,1637208
7uZqvqXzzYMKrexKxdcGmd,Diamonds Dancing (feat. Travis Scott),Slime Language 2,Young Stoner Life,57,242600,0.851,0.703,4,-7.351,0,0.303,0.00949,2.57e-05,0.0895,0.596,74.017,4,['pop rap'],2021-04-16,10476
25r6MZ4Gtd76l43qnZI1DG,Flocky Flocky (feat. Travis Scott),Life of a DON,Don Toliver,61,183514,0.8,0.541,10,-5.05,0,0.0375,0.0252,0.0,0.146,0.194,135.99,4,['rap'],2021-10-08,3368
2W1Aq2c6PUSHBC0golgHLK,You Wouldn't Understand,Fighting Demons,Juice WRLD,0,170792,0.724,0.748,4,-4.335,0,0.0722,0.0012,0.0,0.132,0.118,158.04,4,"['chicago rap', 'melodic rap', 'rap']",2021-12-10,126139
10ImcQk9tihY1EKMDIbvXJ,To Be Loved,30,Adele,63,403962,0.356,0.176,8,-8.291,1,0.0391,0.843,0.0,0.231,0.289,170.425,1,"['british soul', 'pop', 'pop soul', 'uk pop']",2021-11-18,8115
2UwALqx6yOsXTFt7zRxnts,Tell The Vision (feat. Kanye West & Pusha T),Faith,Pop Smoke,56,215000,0.662,0.686,7,-8.302,1,0.332,0.251,5.59e-06,0.349,0.678,143.971,4,"['brooklyn drill', 'hip hop', 'rap']",2021-07-16,104979
7HsjuVBM93Z2RoxjpWLgTT,Richer (feat. Polo G),SoulFly,Rod Wave,0,190459,0.726,0.411,1,-12.929,1,0.0671,0.438,0.0,0.087,0.734,137.905,3,['florida rap'],2021-03-26,60880
0YrMTMLpLq1UIkWgghNM6c,Treacherous (Taylor's Version),Red (Taylor's Version),Taylor Swift,39,242720,0.645,0.593,2,-6.506,1,0.0288,0.0344,0.000127,0.13,0.299,109.984,4,['pop'],2021-11-12,22767
0v36cov6Z6aEV5ZgIlqZMk,Rockstar In His Prime,Fighting Demons,Juice WRLD,0,180750,0.685,0.729,7,-8.694,0,0.15,0.415,0.0,0.196,0.382,170.025,4,"['chicago rap', 'melodic rap', 'rap']",2021-12-10,12765
1QCqedB1ibmRO9x7Ikb5LI,Ok Ok pt 2,Donda,Kanye West,0,204630,0.641,0.473,11,-9.068,0,0.422,0.406,2.14e-06,0.13,0.412,82.295,4,"['chicago rap', 'hip hop', 'rap']",2021-08-29,59592
3T03rPwlL8NVk1yIaxeD8U,Off My Face,Justice,Justin Bieber,72,156468,0.509,0.228,4,-8.68,1,0.0332,0.92,0.0,0.104,0.586,90.674,4,"['canadian pop', 'pop']",2021-03-19,3670
7bcy34fBT2ap1L4bfPsl9q,I Didn't Change My Number,Happier Than Ever,Billie Eilish,72,158463,0.849,0.48,9,-5.835,1,0.226,0.612,0.269,0.295,0.677,142.021,4,"['art pop', 'pop']",2021-07-30,2603983
550erGcdD9n6PnwxrvYqZT,Hey Stephen (Taylor’s Version),Fearless (Taylor's Version),Taylor Swift,63,254255,0.788,0.571,6,-6.135,1,0.0296,0.106,0.0,0.0934,0.797,115.99,4,['pop'],2021-04-09,198813
